town_group,flat_type,remaining_lease_yrs,floor_area_sqf,predicted_start_psf,n_train_support,low_confidence
1,2_ROOM,40,484,533.5954555186627,267,FALSE
1,2_ROOM,45,484,538.234891880235,267,FALSE
1,2_ROOM,50,484,539.8612496745191,262,FALSE
1,2_ROOM,55,484,537.8942236415098,74,FALSE
1,2_ROOM,60,484,535.6283927625462,125,FALSE
1,2_ROOM,65,484,538.6068031326299,3,TRUE
1,2_ROOM,70,484,541.3691236664577,0,TRUE
1,2_ROOM,75,484,602.9481726084006,21,FALSE
1,2_ROOM,80,484,653.7443185872079,54,FALSE
1,2_ROOM,85,484,660.3669998195967,834,FALSE
1,2_ROOM,90,484,687.4922275228375,1504,FALSE
1,2_ROOM,95,484,708.2632230813396,375,FALSE
1,3_ROOM,40,732,464.42228396762954,1764,FALSE
1,3_ROOM,45,732,471.6876901813502,4726,FALSE
1,3_ROOM,50,732,471.79895231922205,9335,FALSE
1,3_ROOM,55,732,476.14320149812863,10030,FALSE
1,3_ROOM,60,732,475.86776733672303,8396,FALSE
1,3_ROOM,65,732,475.08850727627635,289,FALSE
1,3_ROOM,70,732,473.54622450672537,76,FALSE
1,3_ROOM,75,732,576.2810262591756,184,FALSE
1,3_ROOM,80,732,652.8950485825728,226,FALSE
1,3_ROOM,85,732,658.6268567542337,2786,FALSE
1,3_ROOM,90,732,679.6917030189068,5802,FALSE
1,3_ROOM,95,732,684.270509948936,588,FALSE
1,4_ROOM,40,1022,503.97761283248235,19,TRUE
1,4_ROOM,45,1022,505.30967217334063,684,FALSE
1,4_ROOM,50,1022,494.7741870855997,4038,FALSE
1,4_ROOM,55,1022,487.62948656936555,5648,FALSE
1,4_ROOM,60,1022,493.9302871431417,14052,FALSE
1,4_ROOM,65,1022,509.302172106492,3917,FALSE
1,4_ROOM,70,1022,505.3046313350392,10622,FALSE
1,4_ROOM,75,1022,555.4313168627612,8341,FALSE
1,4_ROOM,80,1022,705.745751215176,3448,FALSE
1,4_ROOM,85,1022,716.7824891142392,9137,FALSE
1,4_ROOM,90,1022,698.7831440700528,17219,FALSE
1,4_ROOM,95,1022,705.2765359027484,1787,FALSE
1,5_ROOM,40,1184,538.5937296972523,1,TRUE
1,5_ROOM,45,1184,539.4227715785953,154,FALSE
1,5_ROOM,50,1184,538.8377425598351,2332,FALSE
1,5_ROOM,55,1184,505.95069609799464,2517,FALSE
1,5_ROOM,60,1184,540.7812923401783,5665,FALSE
1,5_ROOM,65,1184,549.2378553759414,2812,FALSE
1,5_ROOM,70,1184,548.5788545431029,8777,FALSE
1,5_ROOM,75,1184,579.6480505666201,11446,FALSE
1,5_ROOM,80,1184,682.2702997277548,1773,FALSE
1,5_ROOM,85,1184,715.9468944474567,2158,FALSE
1,5_ROOM,90,1184,709.6511984877521,7225,FALSE
1,5_ROOM,95,1184,706.0331853515723,657,FALSE
2,2_ROOM,40,484,520.8693111954389,267,FALSE
2,2_ROOM,45,484,528.3395349615578,267,FALSE
2,2_ROOM,50,484,529.7042905597303,262,FALSE
2,2_ROOM,55,484,535.2874705025959,74,FALSE
2,2_ROOM,60,484,538.8478803893471,125,FALSE
2,2_ROOM,65,484,539.346751625259,3,TRUE
2,2_ROOM,70,484,569.9061012746221,0,TRUE
2,2_ROOM,75,484,706.8224886725407,21,FALSE
2,2_ROOM,80,484,761.8799877443187,54,FALSE
2,2_ROOM,85,484,767.9674015821028,834,FALSE
2,2_ROOM,90,484,773.2800699359564,1504,FALSE
2,2_ROOM,95,484,881.6108543777851,375,FALSE
2,3_ROOM,40,732,481.91900751067527,1764,FALSE
2,3_ROOM,45,732,488.9489712127922,4726,FALSE
2,3_ROOM,50,732,488.0188752471982,9335,FALSE
2,3_ROOM,55,732,488.98830316930145,10030,FALSE
2,3_ROOM,60,732,498.375502533959,8396,FALSE
2,3_ROOM,65,732,499.28981228402694,289,FALSE
2,3_ROOM,70,732,520.7049260247968,76,FALSE
2,3_ROOM,75,732,706.8761112366932,184,FALSE
2,3_ROOM,80,732,780.2689213632244,226,FALSE
2,3_ROOM,85,732,779.7634955883626,2786,FALSE
2,3_ROOM,90,732,802.8546936882038,5802,FALSE
2,3_ROOM,95,732,866.9585658668021,588,FALSE
2,4_ROOM,40,1022,536.0801821163809,19,TRUE
2,4_ROOM,45,1022,537.0838514248728,684,FALSE
2,4_ROOM,50,1022,526.0146401987677,4038,FALSE
2,4_ROOM,55,1022,529.2344129017208,5648,FALSE
2,4_ROOM,60,1022,539.9302191730716,14052,FALSE
2,4_ROOM,65,1022,546.3764485582514,3917,FALSE
2,4_ROOM,70,1022,597.7631395054138,10622,FALSE
2,4_ROOM,75,1022,691.0626994009978,8341,FALSE
2,4_ROOM,80,1022,770.0641394336384,3448,FALSE
2,4_ROOM,85,1022,777.2425765624406,9137,FALSE
2,4_ROOM,90,1022,822.4063413888583,17219,FALSE
2,4_ROOM,95,1022,859.7267669216786,1787,FALSE
2,5_ROOM,40,1184,583.7008701763303,1,TRUE
2,5_ROOM,45,1184,586.0639099287091,154,FALSE
2,5_ROOM,50,1184,573.7376530528655,2332,FALSE
2,5_ROOM,55,1184,576.7950186046669,2517,FALSE
2,5_ROOM,60,1184,595.4693975659068,5665,FALSE
2,5_ROOM,65,1184,598.7105093976071,2812,FALSE
2,5_ROOM,70,1184,642.0162087529084,8777,FALSE
2,5_ROOM,75,1184,696.5523471059129,11446,FALSE
2,5_ROOM,80,1184,747.5205634010886,1773,FALSE
2,5_ROOM,85,1184,765.0037659621786,2158,FALSE
2,5_ROOM,90,1184,799.6235815475632,7225,FALSE
2,5_ROOM,95,1184,856.8782974882844,657,FALSE
3,2_ROOM,40,484,469.15219772828874,267,FALSE
3,2_ROOM,45,484,469.1796113582065,267,FALSE
3,2_ROOM,50,484,477.7135934178571,262,FALSE
3,2_ROOM,55,484,493.16421561880514,74,FALSE
3,2_ROOM,60,484,487.1970484503563,125,FALSE
3,2_ROOM,65,484,497.704395290002,3,TRUE
3,2_ROOM,70,484,503.8676582157022,0,TRUE
3,2_ROOM,75,484,519.7010939873426,21,FALSE
3,2_ROOM,80,484,570.5380884026903,54,FALSE
3,2_ROOM,85,484,583.7055922106082,834,FALSE
3,2_ROOM,90,484,599.6050103163359,1504,FALSE
3,2_ROOM,95,484,683.4968134763106,375,FALSE
3,3_ROOM,40,732,437.5555746374734,1764,FALSE
3,3_ROOM,45,732,438.6399763547812,4726,FALSE
3,3_ROOM,50,732,446.78323385936517,9335,FALSE
3,3_ROOM,55,732,466.7884158513826,10030,FALSE
3,3_ROOM,60,732,468.80625498545913,8396,FALSE
3,3_ROOM,65,732,468.1595728649477,289,FALSE
3,3_ROOM,70,732,469.0310969990072,76,FALSE
3,3_ROOM,75,732,492.7680971520712,184,FALSE
3,3_ROOM,80,732,545.4700768197926,226,FALSE
3,3_ROOM,85,732,556.8477919994926,2786,FALSE
3,3_ROOM,90,732,582.9744883346965,5802,FALSE
3,3_ROOM,95,732,643.3444204530595,588,FALSE
3,4_ROOM,40,1022,422.0036284019223,19,TRUE
3,4_ROOM,45,1022,423.21989765802994,684,FALSE
3,4_ROOM,50,1022,423.050274130231,4038,FALSE
3,4_ROOM,55,1022,443.97027159075924,5648,FALSE
3,4_ROOM,60,1022,449.5995810486878,14052,FALSE
3,4_ROOM,65,1022,449.72141468844376,3917,FALSE
3,4_ROOM,70,1022,451.04051226730417,10622,FALSE
3,4_ROOM,75,1022,456.49600194459214,8341,FALSE
3,4_ROOM,80,1022,528.9891134641778,3448,FALSE
3,4_ROOM,85,1022,526.4632484104123,9137,FALSE
3,4_ROOM,90,1022,553.6013276499191,17219,FALSE
3,4_ROOM,95,1022,612.633105802545,1787,FALSE
3,5_ROOM,40,1184,421.8795872690693,1,TRUE
3,5_ROOM,45,1184,421.93658200230885,154,FALSE
3,5_ROOM,50,1184,412.0373980547002,2332,FALSE
3,5_ROOM,55,1184,437.03564727692776,2517,FALSE
3,5_ROOM,60,1184,437.09870878802235,5665,FALSE
3,5_ROOM,65,1184,437.95068246106797,2812,FALSE
3,5_ROOM,70,1184,438.59621417669166,8777,FALSE
3,5_ROOM,75,1184,436.68692419869114,11446,FALSE
3,5_ROOM,80,1184,491.3017655273788,1773,FALSE
3,5_ROOM,85,1184,534.2951118008026,2158,FALSE
3,5_ROOM,90,1184,539.7054922182267,7225,FALSE
3,5_ROOM,95,1184,616.9205575663661,657,FALSE
